{
  "precision@5": 0.2,
  "recall@5": 1.0,
  "hit_rate@5": 1.0,
  "map@5": 0.4755847953216374,
  "ndcg@5": 0.6036772288221058,
  "precision@10": 0.1,
  "recall@10": 1.0,
  "hit_rate@10": 1.0,
  "map@10": 0.4755847953216374,
  "ndcg@10": 0.6036772288221058,
  "evaluated_users": 114,
  "heldout_interactions": 114
}