epoch,train_loss,val_precision_at_10,val_recall_at_10,val_ndcg_at_10
1.0,0.6396291530805147,0.1,1.0,0.5677074877484338
2.0,0.5248191279407761,0.1,1.0,0.559756234726715
3.0,0.5039262382430645,0.1,1.0,0.5769616296717083
4.0,0.4945002302067221,0.1,1.0,0.5817539884979013
5.0,0.48534904811075064,0.1,1.0,0.5797784500098248
6.0,0.4745592393814184,0.1,1.0,0.5751749235872281
