{
  "accuracy": 0.9477543538038496,
  "precision": 0.9485232872048462,
  "recall": 0.9477543538038496,
  "f1_score": 0.9477576680711448,
  "macro_precision": 0.9490866111434778,
  "macro_recall": 0.9443560637314592,
  "macro_f1_score": 0.9463374912411295,
  "confusion_matrix": [
    [
      159,
      16,
      2,
      2,
      2
    ],
    [
      8,
      235,
      0,
      3,
      3
    ],
    [
      1,
      3,
      223,
      3,
      0
    ],
    [
      2,
      0,
      0,
      234,
      0
    ],
    [
      2,
      9,
      0,
      1,
      183
    ]
  ],
  "classification_report": {
    "other_activities": {
      "precision": 0.9244186046511628,
      "recall": 0.8784530386740331,
      "f1-score": 0.9008498583569405,
      "support": 181.0
    },
    "safe_driving": {
      "precision": 0.8935361216730038,
      "recall": 0.9437751004016064,
      "f1-score": 0.91796875,
      "support": 249.0
    },
    "talking_phone": {
      "precision": 0.9911111111111112,
      "recall": 0.9695652173913043,
      "f1-score": 0.9802197802197802,
      "support": 230.0
    },
    "texting_phone": {
      "precision": 0.9629629629629629,
      "recall": 0.9915254237288136,
      "f1-score": 0.9770354906054279,
      "support": 236.0
    },
    "turning": {
      "precision": 0.973404255319149,
      "recall": 0.9384615384615385,
      "f1-score": 0.9556135770234987,
      "support": 195.0
    },
    "accuracy": 0.9477543538038496,
    "macro avg": {
      "precision": 0.9490866111434778,
      "recall": 0.9443560637314592,
      "f1-score": 0.9463374912411295,
      "support": 1091.0
    },
    "weighted avg": {
      "precision": 0.9485232872048462,
      "recall": 0.9477543538038496,
      "f1-score": 0.9477576680711448,
      "support": 1091.0
    }
  }
}