ruta,route_id,rmse,mae,mape
Ruta A,0,156.15201,116.03034,7.526052743196487
Ruta B,1,241.23662,181.25075,7.64845609664917
Ruta C,2,108.39742,83.36773,8.214187622070312
Ruta D,3,196.46848,143.68967,7.227637618780136
Ruta E,4,147.15343,104.96515,8.21787416934967
